"She's Beauty, She's Grace, She'll Probably Eat Your Face: 15oz Coffee Mug","Home & Garden",16.99,100
Pandasaurus Dinosaur Island Board Games,Toys,49.99,3
Dinosaurs Embossing Rolling Pin,"Home & Garden",28.80,19
16in Tractor Trailer Dinosaur Carrier,Toys,15.99,17
Toddler Boys' Days of the Week Dinosaur Briefs,"Apparel & Accessories",15.99,256
Dinosaur Sherpa Throw Blanket,"Home & Garden",24.99,29
Dinosaurs - The Grand Tour: Everything Worth Knowing About Dinosaurs from Aardonyx to Zuniceratops,Books,9.95,1
LEGO Indoraptor Rampage,Toys,127.89,1
How Do Dinosaurs Say Goodnight?,Books,12.19,259
Dinosaurs: The Most Complete Up-to-Date Encyclopedia for Dinosaur Lovers of All Ages,Books,25.04,117
6ft Ginormous Inflatable Dinosaur Sprinkler,Toys,47.99,4
Jurassic Park Adult Coloring Book,Books,11.99,51
Dinosaurs: A Concise Natural History,Books,64.88,37
The Good Dinosaur,"Movies & TV",14.99,26
Kids 12oz Dinosaur Water Bottle,"Home & Garden",12.99,254
Dinosaur Projector Lamp,"Home & Garden",22.99,465
PU Leather Spiked Dinosaur Backpack,"Apparel & Accessories",21.98,65
A-Line Dinosaur Slippers,"Apparel & Accessories",14.88,27
Dinosaur Train Seasons 1-9,"Movies & TV",242.91,328
100-Piece Dinosaur Glow-in-the-Dark Puzzle,Toys,11.99,6
3ft Extra Large Dinosaur Bean Bag,"Home & Garden",28.99,26
Triceratops Plush Stuffed Animal,Toys,13.05,8
Short Sleeve One Pocket Dinosaur Shirt,"Apparel & Accessories",11.99,48
Dinosaur Confetti,"Home & Garden",5.00,341
The Farting Dinosaurs Coloring Book,Books,6.97,27
Dark Matter and the Dinosaurs: The Astounding Interconnectedness of the Universe,Books,16.32,186
Dinosaurs Lunch Box,"Home & Garden",17.99,15
Moon Girl and Devil Dinosaur Vol. 1: BFF,Books,9.89,132
Genuine Museum Quality Mosasaurus Tooth in Display Case,"Home & Garden",13.95,76
Scoop Neck Sleeveless Dinosaur Sundress,"Apparel & Accessories",19.99,131
Dinosaur Socks,"Apparel & Accessories",7.99,57
Vintage Dinosaur Alien Abduction T-shirt,"Apparel & Accessories",15.95,53
Dinosaur Nipple Covers,"Apparel & Accessories",10.99,835
Dinosaurs Bow Tie,"Apparel & Accessories",14.99,7
Encyclopedia Prehistorica Dinosaurs: The Definitive Pop-Up,Books,25.49,150
Sterling Silver Brontosaurus Dinosaur Stud Earrings,"Apparel & Accessories",12.99,67
Jurassic Park,"Movies & TV",9.99,35
Dinosaurs Printed Umbrella,"Home & Garden",18.14,154
Adult Inflatable Dinosaur Costume With Sound,"Apparel & Accessories",57.93,21
Tanystropheus Dinosaur Jewelry Ring Holder,"Home & Garden",10.99,5
Dinosaur Crystal Pin Brooch,"Apparel & Accessories",19.80,1
Natural Clear Soap Bar with Dinosaur Inside,"Home & Garden",7.38, 403
1in Stegosaurus Dinosaur Pet with Adoption Certificate,"Home & Garden",17.79,8
Electrified Raptor Fence Tin Litho Warning Sign,"Home & Garden",8.99,18
NACHOsaurus Dip and Snack Dish Set,"Home & Garden",14.99,34
Clever Girl Bottle Opener,"Home & Garden",14.99,8
Victorian T Rex Dinosaur Bust Beeswax Candle,"Home & Garden",17.00,4
Coelacanth Dinosaur Fish Necklace,"Apparel & Accessories",65.00,2
Dinosaur Dog Collar,Pets,22.99,43
Dinosaur Triceratops Pet Costume Snood Hat,Pets,24.99,2
Tiny T. Rex and the Impossible Hug,Books,11.52,93
The Dinosaur That Pooped a Planet!,Books,13.66,89
Ice Age: Dawn of the Dinosaurs,"Movies & TV",14.99,34